,,Number_of_Annotations,Seq_len,Seq_len,Seq_len
,,count,max,mean,min
non_interested_role_parts_present,Number_of_Annotations,,,,
False,0,260,1006.0,124.61538461538461,9.0
False,1,69,721.0,151.2463768115942,35.0
False,2,25,203.0,136.24,90.0
True,1,17,635.0,252.05882352941177,49.0
True,2,6,3388.0,961.6666666666666,69.0
True,3,2,985.0,676.5,368.0
True,5,1,1178.0,1178.0,1178.0
True,8,1,1089.0,1089.0,1089.0
