,,Number_of_Annotations,Seq_len,Seq_len,Seq_len
,,count,max,mean,min
non_interested_role_parts_present,Number_of_Annotations,,,,
False,0,239,981.0,103.65271966527196,0.0
False,1,53,696.0,130.60377358490567,10.0
False,2,13,178.0,114.92307692307692,65.0
True,1,17,610.0,227.05882352941177,24.0
True,2,5,3363.0,1106.0,44.0
True,3,1,343.0,343.0,343.0
True,5,1,1153.0,1153.0,1153.0
